{"stat.flyOneCm":30903,"stat.mineBlock.38":1,"stat.walkOneCm":24225,"stat.mineBlock.18":2,"stat.mineBlock.17":1,"stat.jump":160,"stat.swimOneCm":1556,"stat.playOneMinute":4227,"stat.fallOneCm":5301,"stat.leaveGame":1,"stat.useItem.3":8,"stat.damageTaken":40,"stat.damageDealt":230,"stat.mineBlock.3":8,"stat.useItem.17":1,"stat.mobKills":2,"stat.killEntity.Pig":2,"achievement.exploreAllBiomes":{"value":0,"progress":["Beach","River","Forest","Plains","Taiga"]},"stat.diveOneCm":5658,"stat.mineBlock.31":8}