{"stat.killEntity.Skeleton":5,"stat.walkOneCm":35122,"achievement.openInventory":5,"stat.leaveGame":1,"stat.damageTaken":7540,"stat.entityKilledBy.Witch":1,"stat.mobKills":11,"stat.flyOneCm":16921,"stat.mineBlock.38":1,"stat.deaths":4,"stat.useItem.12":4,"stat.drop":13,"stat.jump":127,"stat.swimOneCm":3114,"stat.playOneMinute":7331,"stat.fallOneCm":3993,"stat.killEntity.Sheep":1,"stat.entityKilledBy.Skeleton":2,"stat.damageDealt":1605,"stat.killEntity.Cow":1,"stat.killEntity.Pig":1,"achievement.exploreAllBiomes":{"value":0,"progress":["Beach","Forest","River","Ocean"]},"stat.mineBlock.31":2,"stat.diveOneCm":5059}